<?xml version="1.0" encoding="utf-8" ?>
		<hibernate-mapping xmlns="urn:nhibernate-mapping-2.2"
		                   assembly="Salami4UAGenNHibernate"
		                   namespace="Salami4UAGenNHibernate.EN.Salami4UA">
			<class name="GenreFilmsEN" table="[GenreFilms]">
						<id name="Name" column="[Name]"/>
			
			
		  			
						<bag name="User" table="[user_genreFilms]" inverse="true" >
							<key>
									<column name="[FK_Name_idGenreFilms]"/>
							</key>
      						<many-to-many class="Salami4UAGenNHibernate.EN.Salami4UA.UserEN">
									<column name="[FK_Nickname_idUser]"/>
      						</many-to-many>
    					</bag>
					
					
		
		  </class>
		  
		  <query name="GenreFilmsENReadAllHQL">from GenreFilmsEN</query>
		  <query name="GenreFilmsENdameTodosLosGenerosCineHQL"><![CDATA[FROM GenreFilmsEN]]></query>
		</hibernate-mapping>
	