<?xml version="1.0" encoding="utf-8" ?>
		<hibernate-mapping xmlns="urn:nhibernate-mapping-2.2"
		                   assembly="Salami4UAGenNHibernate"
		                   namespace="Salami4UAGenNHibernate.EN.Salami4UA">
			<class name="MusicalTastesEN" table="[MusicalTastes]">
						<id name="Name" column="[Name]"/>
			
			
		  			
						<bag name="User" table="[musicalTastes_user]"  >
							<key>
									<column name="[FK_Name_idMusicalTastes]"/>
							</key>
      						<many-to-many class="Salami4UAGenNHibernate.EN.Salami4UA.UserEN">
									<column name="[FK_Nickname_idUser]"/>
      						</many-to-many>
    					</bag>
					
					
		
		  </class>
		  
		  <query name="MusicalTastesENReadAllHQL">from MusicalTastesEN</query>
		  <query name="MusicalTastesENdameTodosLosGustosMusicalesHQL"><![CDATA[FROM MusicalTastesEN]]></query>
		</hibernate-mapping>
	