<?xml version="1.0" encoding="utf-8" ?>
		<hibernate-mapping xmlns="urn:nhibernate-mapping-2.2"
		                   assembly="Salami4UAGenNHibernate"
		                   namespace="Salami4UAGenNHibernate.EN.Salami4UA">
			<class name="UserEN" table="[User]">
						<id name="Nickname" column="[Nickname]"/>
					<property name="Password" type="string"> 
						<column name="[Password]"  not-null="true"/>
					</property>
					<property name="HairColor" > 
						<column name="[HairColor]"  not-null="true"/>
					</property>
					<property name="EyeColor" > 
						<column name="[EyeColor]"  not-null="true"/>
					</property>
					<property name="HairLength" > 
						<column name="[HairLength]"  not-null="true"/>
					</property>
					<property name="HairStyle" > 
						<column name="[HairStyle]"  not-null="true"/>
					</property>
					<property name="BodyType" > 
						<column name="[BodyType]"  not-null="true"/>
					</property>
					<property name="Ethnicity" > 
						<column name="[Ethnicity]"  not-null="true"/>
					</property>
					<property name="Religion" > 
						<column name="[Religion]"  not-null="true"/>
					</property>
					<property name="Smoke" > 
						<column name="[Smoke]"  not-null="true"/>
					</property>
					<property name="Email" type="string"> 
						<column name="[email]"  not-null="true"/>
					</property>
					<property name="Birthday" type="date"> 
						<column name="[Birthday]"  not-null="true"/>
					</property>
					<property name="Gender" > 
						<column name="[Gender]"  not-null="true"/>
					</property>
			
			
			
			
			
			
			
			
			
			
			
		  			
						<bag name="Pets" table="[user_pets]"  >
							<key>
									<column name="[FK_Nickname_idUser]"/>
							</key>
      						<many-to-many class="Salami4UAGenNHibernate.EN.Salami4UA.PetsEN">
									<column name="[FK_Name_idPets]"/>
      						</many-to-many>
    					</bag>
			
		  			
						<bag name="CharacteristicFeatures" table="[user_characteristicFeatures]"  >
							<key>
									<column name="[FK_Nickname_idUser]"/>
							</key>
      						<many-to-many class="Salami4UAGenNHibernate.EN.Salami4UA.CharacteristicFeaturesEN">
									<column name="[FK_Name_idCharacteristicFeatures]"/>
      						</many-to-many>
    					</bag>
			
		  			
						<bag name="Hobbies" table="[hobbies_user]" inverse="true" >
							<key>
									<column name="[FK_Nickname_idUser]"/>
							</key>
      						<many-to-many class="Salami4UAGenNHibernate.EN.Salami4UA.HobbiesEN">
									<column name="[FK_Name_idHobbies]"/>
      						</many-to-many>
    					</bag>
			
		  			
						<bag name="Sports" table="[sports_user]" inverse="true" >
							<key>
									<column name="[FK_Nickname_idUser]"/>
							</key>
      						<many-to-many class="Salami4UAGenNHibernate.EN.Salami4UA.SportsEN">
									<column name="[FK_Name_idSports]"/>
      						</many-to-many>
    					</bag>
			
		  			
						<bag name="MusicalTastes" table="[musicalTastes_user]" inverse="true" >
							<key>
									<column name="[FK_Nickname_idUser]"/>
							</key>
      						<many-to-many class="Salami4UAGenNHibernate.EN.Salami4UA.MusicalTastesEN">
									<column name="[FK_Name_idMusicalTastes]"/>
      						</many-to-many>
    					</bag>
			
		  			
						<bag name="GenreFilms" table="[user_genreFilms]"  >
							<key>
									<column name="[FK_Nickname_idUser]"/>
							</key>
      						<many-to-many class="Salami4UAGenNHibernate.EN.Salami4UA.GenreFilmsEN">
									<column name="[FK_Name_idGenreFilms]"/>
      						</many-to-many>
    					</bag>
			
		  			
						<many-to-one name="Nacionalidad" class="Salami4UAGenNHibernate.EN.Salami4UA.NationalityEN" >	
								<column name="[FK_Name_idNacionalidad]"/>
						</many-to-one>
											 					
			
			
			
		  			
						<many-to-one name="Height_0" class="Salami4UAGenNHibernate.EN.Salami4UA.HeightEN" >	
								<column name="[FK_value_idHeight_0]"/>
						</many-to-one>
											 					
			
					
					
					
					
					
					
					
					
					
					
					
					
					
					
					
					
					
					
					
					
					
		
		  </class>
		  
		  <query name="UserENReadAllHQL">from UserEN</query>
		  <query name="UserENdameUsuarioPorEmailHQL"><![CDATA[FROM UserEN c WHERE c.Email = :mail]]></query>
		  <query name="UserENdameUsuarioPorNicknameHQL"><![CDATA[FROM UserEN c WHERE c.Nickname = :nombre]]></query>
		  <query name="UserENdameTodosLosUsuariosHQL"><![CDATA[FROM UserEN]]></query>
		  <query name="UserENdameUsuarioPorBodyTypeHQL"><![CDATA[FROM UserEN c WHERE c.BodyType = :bodyType]]></query>
		  <query name="UserENdameUsuarioPorEthnicityHQL"><![CDATA[FROM UserEN c WHERE c.Ethnicity = :etnia]]></query>
		  <query name="UserENdameUsuarioPorEyeColorHQL"><![CDATA[FROM UserEN c WHERE c.EyeColor = :color]]></query>
		  <query name="UserENdameUsuarioPorHairColorHQL"><![CDATA[FROM UserEN c WHERE c.HairColor = :color]]></query>
		  <query name="UserENdameUsuarioPorHairLengthHQL"><![CDATA[FROM UserEN c WHERE c.HairLength = :tamanyo]]></query>
		  <query name="UserENdameUsuarioPorHairStyleHQL"><![CDATA[FROM UserEN c WHERE c.HairStyle = :estilo]]></query>
		  <query name="UserENdameUsuarioPorReligionHQL"><![CDATA[FROM UserEN c WHERE c.Religion = :religion]]></query>
		  <query name="UserENdameUsuarioPorFumarHQL"><![CDATA[FROM UserEN c WHERE c.Smoke = :fumar]]></query>
		  <query name="UserENdameUsuarioPorGenderHQL"><![CDATA[FROM UserEN c WHERE c.Gender = :genero]]></query>
		  <query name="UserENpruebasHQL"><![CDATA[FROM UserEN c WHERE c.Nacionalidad = :nacionalidad]]></query>
		  <query name="UserENdameUsuarioPorNacionalidadHQL"><![CDATA[FROM UserEN c WHERE c.Nacionalidad = :nacionalidad]]></query>
		  <query name="UserENdameUsuarioPorAlturaHQL"><![CDATA[FROM UserEN c WHERE c.Height_0 = :altura]]></query>
		</hibernate-mapping>
	